{
  "step": [
    0,
    50,
    100,
    150,
    200,
    250,
    300,
    350,
    400,
    450,
    500,
    550,
    600,
    650,
    700,
    750,
    800,
    850,
    900,
    950,
    1000,
    1050,
    1100,
    1150,
    1200,
    1250,
    1300,
    1350,
    1400,
    1450,
    1500,
    1550,
    1600,
    1650,
    1700,
    1750,
    1800,
    1850,
    1900,
    1950
  ],
  "skyrmion_count": [
    0.0,
    15.0,
    62.0,
    1244.0,
    6286.0,
    14053.0,
    19731.0,
    21151.0,
    22080.0,
    22637.0,
    22460.0,
    22620.0,
    22998.0,
    22709.0,
    22955.0,
    22797.0,
    22907.0,
    22973.0,
    22430.0,
    22762.0,
    22614.0,
    22695.0,
    22957.0,
    22802.0,
    23132.0,
    22898.0,
    22789.0,
    22513.0,
    22671.0,
    22967.0,
    22923.0,
    23306.0,
    23293.0,
    23169.0,
    22808.0,
    22775.0,
    22802.0,
    22792.0,
    22482.0,
    22613.0
  ],
  "skyrmion_num": [
    0,
    15,
    53,
    984,
    4007,
    7528,
    9809,
    10843,
    11154,
    11412,
    11363,
    11300,
    11882,
    11463,
    11324,
    11769,
    11547,
    11687,
    11556,
    11238,
    11555,
    11453,
    11634,
    11439,
    11505,
    11472,
    11512,
    11493,
    11563,
    11682,
    11524,
    11684,
    11284,
    11559,
    11454,
    11301,
    11353,
    11729,
    11567,
    11431
  ],
  "skyrmion_density": [
    0.0,
    0.0002288818359375,
    0.000946044921875,
    0.01898193359375,
    0.095916748046875,
    0.2144317626953125,
    0.3010711669921875,
    0.3227386474609375,
    0.3369140625,
    0.3454132080078125,
    0.34271240234375,
    0.34515380859375,
    0.350921630859375,
    0.3465118408203125,
    0.3502655029296875,
    0.3478546142578125,
    0.3495330810546875,
    0.3505401611328125,
    0.342254638671875,
    0.347320556640625,
    0.345062255859375,
    0.3462982177734375,
    0.3502960205078125,
    0.347930908203125,
    0.35296630859375,
    0.349395751953125,
    0.3477325439453125,
    0.3435211181640625,
    0.3459320068359375,
    0.3504486083984375,
    0.3497772216796875,
    0.355621337890625,
    0.3554229736328125,
    0.3535308837890625,
    0.3480224609375,
    0.3475189208984375,
    0.347930908203125,
    0.3477783203125,
    0.343048095703125,
    0.3450469970703125
  ],
  "skyrmion_avg_size": [
    0,
    1.0,
    1.169811320754717,
    1.2642276422764227,
    1.5687546793112055,
    1.8667640807651436,
    2.011520032623101,
    1.950659411601955,
    1.9795589026358258,
    1.9836137399228881,
    1.9765906890785885,
    2.0017699115044247,
    1.935532738596196,
    1.9810695280467592,
    2.0271105616389966,
    1.937037981136885,
    1.9838053173984584,
    1.9656883716950457,
    1.9409830391138803,
    2.025449368214985,
    1.9570748593682388,
    1.9815768794202393,
    1.9732680075640365,
    1.993356062592884,
    2.0106040851803564,
    1.9959902370990237,
    1.9795865184155663,
    1.9588445140520316,
    1.960650350255124,
    1.9660160931347372,
    1.989153071850052,
    1.9946935980828484,
    2.064250265863169,
    2.0044121463794444,
    1.9912694255281997,
    2.015308379789399,
    2.008455914736193,
    1.9432176656151419,
    1.943632748335783,
    1.9782171288601171
  ],
  "winding_number": [
    0.3302306532859802,
    -0.08967901766300201,
    -2.354853868484497,
    1.2340004444122314,
    -10.618035316467285,
    -6.732754230499268,
    0.7194122672080994,
    10.124910354614258,
    -6.960133075714111,
    -17.943687438964844,
    -4.940365314483643,
    6.026768684387207,
    -0.5390936136245728,
    13.634379386901855,
    16.20012092590332,
    -0.6839848160743713,
    0.09683659672737122,
    6.577122211456299,
    1.2379240989685059,
    19.28999900817871,
    -0.17370232939720154,
    -0.411830335855484,
    -5.505327224731445,
    2.450937509536743,
    11.874634742736816,
    -0.8281564712524414,
    0.30701974034309387,
    0.5825040340423584,
    4.094737529754639,
    -19.484638214111328,
    -10.732563018798828,
    -17.928390502929688,
    -5.254067897796631,
    12.163605690002441,
    -15.67209243774414,
    -10.353494644165039,
    -0.959402322769165,
    -11.122102737426758,
    6.8694748878479,
    6.810669898986816
  ],
  "total_energy": [
    0.012812801636755466,
    0.02127843163907528,
    0.01872159354388714,
    0.02810630016028881,
    0.053334008902311325,
    0.08184144645929337,
    0.09752999991178513,
    0.09791532903909683,
    0.09808403998613358,
    0.09778247028589249,
    0.09874428808689117,
    0.09882163256406784,
    0.09861454367637634,
    0.09855522215366364,
    0.0991748496890068,
    0.09799619019031525,
    0.09930740296840668,
    0.09842699021100998,
    0.09830230474472046,
    0.09901127964258194,
    0.09787224233150482,
    0.09833863377571106,
    0.09857885539531708,
    0.09908559918403625,
    0.09840943664312363,
    0.09762027114629745,
    0.0983775407075882,
    0.09883763641119003,
    0.09767685830593109,
    0.09822356700897217,
    0.09827490150928497,
    0.09828826785087585,
    0.09913211315870285,
    0.09787662327289581,
    0.0980198085308075,
    0.09859903901815414,
    0.09897381067276001,
    0.09890507906675339,
    0.09867250919342041,
    0.09926265478134155
  ],
  "energy_per_skyrmion": [
    0.012812801636755466,
    0.0014185621092716852,
    0.0003532376140356064,
    2.8563313171025216e-05,
    1.3310209359199232e-05,
    1.0871605533912508e-05,
    9.942909563848009e-06,
    9.0302802765929e-06,
    8.793620224684739e-06,
    8.568390315973754e-06,
    8.689983990749905e-06,
    8.745277218059101e-06,
    8.299490294258235e-06,
    8.597681423158304e-06,
    8.757934447987179e-06,
    8.326636943692349e-06,
    8.6002773853301e-06,
    8.421920955849233e-06,
    8.506603041253068e-06,
    8.810400395317845e-06,
    8.470120496019457e-06,
    8.586277287672318e-06,
    8.473341533033959e-06,
    8.66208577533318e-06,
    8.553623350119393e-06,
    8.509437861427603e-06,
    8.545651555558391e-06,
    8.599811747253984e-06,
    8.447362994545628e-06,
    8.40811222470229e-06,
    8.527846364915391e-06,
    8.412210531571025e-06,
    8.785192587619891e-06,
    8.467568411877828e-06,
    8.557692380898157e-06,
    8.724806567397057e-06,
    8.71785525171849e-06,
    8.432524432326148e-06,
    8.530518647308758e-06,
    8.683637020500529e-06
  ],
  "mz_mean": [
    0.9351054430007935,
    0.5567442178726196,
    0.5422793626785278,
    0.4917141795158386,
    0.36067071557044983,
    0.18735678493976593,
    0.06716017425060272,
    0.03771422803401947,
    0.01574632152915001,
    0.004196816124022007,
    0.00884832814335823,
    0.004722194280475378,
    0.00048412405885756016,
    0.002021064981818199,
    0.0009085850324481726,
    0.004036635160446167,
    -0.000163177028298378,
    0.0010726305190473795,
    0.010220782831311226,
    0.004089767578989267,
    0.006690521724522114,
    0.006913725286722183,
    0.0003712125471793115,
    0.0023234388791024685,
    -0.005522201303392649,
    0.001019441056996584,
    0.006364099681377411,
    0.011799764819443226,
    0.005408208817243576,
    0.0005753226578235626,
    -2.7081696316599846e-05,
    -0.007367103826254606,
    -0.00605862308293581,
    -0.0064498381689190865,
    0.004922758787870407,
    -0.0006860150024294853,
    0.003320905379951,
    0.003491542534902692,
    0.010208544321358204,
    0.010147932916879654
  ],